id_art,id_clasif
1,10
2,11
3,12
4,13
5,14
6,15
7,16
8,17
9,18
10,19
11,20
12,21
13,22
14,23
15,24
16,25
17,26
18,27
19,28
20,29
21,30
22,31
23,32
24,33
25,34
26,35
27,36
28,37
29,38
30,39
31,40
32,41
33,42
34,43
35,44
36,45
37,46
38,47
39,48
40,10
41,11
42,12
43,13
44,14
45,15
46,16
47,17
48,18
49,19
50,20
51,21
52,22
53,23
54,24
55,25
56,26
57,27
58,28
59,29
60,30
61,31
62,32
63,33
64,34
65,35
66,36
67,37
68,38
69,39
70,40
71,41
72,42
73,43
74,44
75,45
76,46
77,47
78,48
79,10
80,11
81,12
82,13
83,14
84,15
85,16
86,17
87,18
88,19
89,20
90,21
91,22
92,23
93,24
94,25
95,26
96,27
97,28
98,29
99,30
100,31
101,32
102,33
103,34
104,35
105,36
106,37
107,38
108,39
109,40
110,41
111,42
112,43
113,44
114,45
115,46
116,47
117,48
118,10
119,11
120,12
121,13
122,14
123,15
124,16
125,17
126,18
127,19
128,20
129,21
130,22
131,23
132,24
133,25
134,26
135,27
136,28
137,29
138,30
139,31
140,32
141,33
142,34
143,35
144,36
145,37
146,38
147,39
148,40
149,41
150,42
151,43
152,44
153,45
154,46
155,47
156,48
157,10
158,11
159,12
160,13
161,14
162,15
163,16
164,17
165,18
166,19
167,20
168,21
169,22
170,23
171,24
172,25
173,26
174,27
175,28
176,29
177,30
178,31
179,32
180,33
181,34
182,35
183,36
184,37
185,38
186,39
187,40
188,41
189,42
190,43
191,44
192,45
193,46
194,47
195,48
196,10
197,11
198,12
199,13
200,14
201,15
202,16
203,17
204,18
205,19
206,20
207,21
208,22
209,23
210,24
211,25
212,26
213,27
214,28
215,29
216,30
217,31
218,32
219,33
220,34
221,35
222,36
223,37
224,38
225,39
226,40
227,41
228,42
229,43
230,44
231,45
232,46
233,47
234,48
235,80
236,81
237,82
238,83
239,84
240,85
241,86
242,87
243,88
244,89
245,90
246,91
247,92
248,93
249,94
250,95
251,96
252,97
253,98
254,99
255,100
256,101
257,102
258,103
259,104
260,105
261,106
262,107
263,108
264,109
265,110
266,111
267,112
268,113
269,114
270,115
271,116
272,117
273,118
274,119
275,120
276,121
277,122
278,123
279,124
280,125
281,126
282,127
283,128
284,129
285,130
286,131
287,132
288,133
289,134
290,135
291,136
292,137
293,138
294,139
295,140
296,141
297,142
298,143
299,144
300,145
301,146
302,147
303,148
304,149
305,150
306,151
307,152
308,153
309,154
310,155
311,156
312,157
313,158
314,159
315,160
316,161
317,162
318,163
319,164
320,165
321,166
322,167
323,168
324,169
325,170
326,171
327,172
328,173
329,174
330,175
331,176
332,177
333,178
334,179
335,180
336,181
337,182
338,183
339,184
340,185
341,186
342,187
343,188
344,189
345,190
346,191
347,192
348,193
349,194
350,195
351,196
352,197
353,198
354,199
355,200
356,201
357,202
358,203
359,204
360,205
361,206
362,207
363,208
364,209
365,210
366,211
367,212
368,213
369,214
370,215
371,216
372,217
373,218
374,219
375,220
376,221
377,222
378,223
379,224
380,225
381,226
382,227
383,228
384,229
385,230
386,231
387,232
388,233
389,234
390,235
391,236
392,237
393,238
394,239
395,240
396,241
397,242
398,243
399,244
400,245
401,246
402,247
403,248
404,249
405,250
406,251
407,252
408,253
409,254
410,255
411,256
412,257
413,258
414,259
415,260
416,261
417,262
418,263
419,264
420,265
421,266
422,267
423,268
424,269
425,270
426,271
427,272
428,273
429,274
430,275
431,276
432,277
433,278
434,279
435,280
436,281
437,282
438,283
439,284
440,285
441,286
442,287
443,288
444,289
445,290
446,291
447,292
448,293
449,294
450,295
451,296
452,297
453,298
454,299
455,300
456,301
457,302
458,303
459,304
460,305
461,306
462,307
463,308
464,10
465,11
466,12
467,13
468,14
469,15
470,16
471,17
472,18
473,19
474,20
475,21
476,22
477,23
478,24
479,25
480,26
481,27
482,28
483,29
484,30
485,31
486,32
487,33
488,34
489,35
490,36
491,37
492,38
493,39
494,40
495,41
496,42
497,43
498,44
499,45
500,46
501,47
502,48
503,10
504,11
505,12
506,13
507,14
508,15
509,16
510,17
511,18
512,19
513,20
514,21
515,22
516,23
517,24
518,25
519,26
520,27
521,28
522,29
523,30
524,31
525,32
526,33
527,34
528,35
529,36
530,37
531,38
532,39
533,40
534,41
535,42
536,43
537,44
538,45
539,46
540,47
541,48
542,10
543,11
544,12
545,13
546,14
547,15
548,16
549,17
550,18
551,19
552,20
553,21
554,22
555,23
556,24
557,25
558,26
559,27
560,28
561,29
562,30
563,31
564,32
565,33
566,34
567,35
568,36
569,37
570,38
571,39
572,40
573,41
574,42
575,43
576,44
577,45
578,46
579,47
580,48
581,10
582,11
583,12
584,13
585,14
586,15
587,16
588,17
589,18
590,19
591,20
592,21
593,22
594,23
595,24
596,25
597,26
598,27
599,28
600,29
601,30
602,31
603,32
604,33
605,34
606,35
607,36
608,37
609,38
610,39
611,40
612,41
613,42
614,43
615,44
616,45
617,46
618,47
619,48
620,10
621,11
622,12
623,13
624,14
625,15
626,16
627,17
628,18
629,19
630,20
631,21
632,22
633,23
634,24
635,25
636,26
637,27
638,28
639,29
640,30
641,31
642,32
643,33
644,34
645,35
646,36
647,37
648,38
649,39
650,40
651,41
652,42
653,43
654,44
655,45
656,46
657,47
658,48
659,10
660,11
661,12
662,13
663,14
664,15
665,16
666,17
667,18
668,19
669,20
670,21
671,22
672,23
673,24
674,25
675,26
676,27
677,28
678,29
679,30
680,31
681,32
682,33
683,34
684,35
685,36
686,37
687,38
688,39
689,40
690,41
691,42
692,43
693,44
694,45
695,46
696,47
697,48
698,80
699,81
700,82
701,83
702,84
703,85
704,86
705,87
706,88
707,89
708,90
709,91
710,92
711,93
712,94
713,95
714,96
715,97
716,98
717,99
718,100
719,101
720,102
721,103
722,104
723,105
724,106
725,107
726,108
727,109
728,110
729,111
730,112
731,113
732,114
733,115
734,116
735,117
736,118
737,119
738,120
739,121
740,122
741,123
742,124
743,125
744,126
745,127
746,128
747,129
748,130
749,131
750,132
751,133
752,134
753,135
754,136
755,137
756,138
757,139
758,140
759,141
760,142
761,143
762,144
763,145
764,146
765,147
766,148
767,149
768,150
769,151
770,152
771,153
772,154
773,155
774,156
775,157
776,158
777,159
778,160
779,161
780,162
781,163
782,164
783,165
784,166
785,167
786,168
787,169
788,170
789,171
790,172
791,173
792,174
793,175
794,176
795,177
796,178
797,179
798,180
799,181
800,182
801,183
802,184
803,185
804,186
805,187
806,188
807,189
808,190
809,191
810,192
811,193
812,194
813,195
814,196
815,197
816,198
817,199
818,200
819,201
820,202
821,203
822,204
823,205
824,206
825,207
826,208
827,209
828,210
829,211
830,212
831,213
832,214
833,215
834,216
835,217
836,218
837,219
838,220
839,221
840,222
841,223
842,224
843,225
844,226
845,227
846,228
847,229
848,230
849,231
850,232
851,233
852,234
853,235
854,236
855,237
856,238
857,239
858,240
859,241
860,242
861,243
862,244
863,245
864,246
865,247
866,248
867,249
868,250
869,251
870,252
871,253
872,254
873,255
874,256
875,257
876,258
877,259
878,260
879,261
880,262
881,263
882,264
883,265
884,266
885,267
886,268
887,269
888,270
889,271
890,272
891,273
892,274
893,275
894,276
895,277
896,278
897,279
898,280
899,281
900,282
901,283
902,284
903,285
904,286
905,287
906,288
907,289
908,290
909,291
910,292
911,293
912,294
913,295
914,296
915,297
916,298
917,299
918,300
919,301
920,302
921,303
922,304
923,305
924,306
925,307
926,308
927,10
928,11
929,12
930,13
931,14
932,15
933,16
934,17
935,18
936,19
937,20
938,21
939,22
940,23
941,24
942,25
943,26
944,27
945,28
946,29
947,30
948,31
949,32
950,33
951,34
952,35
953,36
954,37
955,38
956,39
957,40
958,41
959,42
960,43
961,44
962,45
963,46
964,47
965,48
966,10
967,11
968,12
969,13
970,14
971,15
972,16
973,17
974,18
975,19
976,20
977,21
978,22
979,23
980,24
981,25
982,26
983,27
984,28
985,29
986,30
987,31
988,32
989,33
990,34
991,35
992,36
993,37
994,38
995,39
996,40
997,41
998,42
999,43
1000,44
1001,45
1002,46
1003,47
1004,48
1005,10
1006,11
1007,12
1008,13
1009,14
1010,15
1011,16
1012,17
1013,18
1014,19
1015,20
1016,21
1017,22
1018,23
1019,24
1020,25
1021,26
1022,27
1023,28
1024,29
1025,30
1026,31
1027,32
1028,33
1029,34
1030,35
1031,36
1032,37
1033,38
1034,39
1035,40
1036,41
1037,42
1038,43
1039,44
1040,45
1041,46
1042,47
1043,48
1044,10
1045,11
1046,12
1047,13
1048,14
1049,15
1050,16
1051,17
1052,18
1053,19
1054,20
1055,21
1056,22
1057,23
1058,24
1059,25
1060,26
1061,27
1062,28
1063,29
1064,30
1065,31
1066,32
1067,33
1068,34
1069,35
1070,36
1071,37
1072,38
1073,39
1074,40
1075,41
1076,42
1077,43
1078,44
1079,45
1080,46
1081,47
1082,48
1083,10
1084,11
1085,12
1086,13
1087,14
1088,15
1089,16
1090,17
1091,18
1092,19
1093,20
1094,21
1095,22
1096,23
1097,24
1098,25
1099,26
1100,27
1101,28
1102,29
1103,30
1104,31
1105,32
1106,33
1107,34
1108,35
1109,36
1110,37
1111,38
1112,39
1113,40
1114,41
1115,42
1116,43
1117,44
1118,45
1119,46
1120,47
1121,48
1122,10
1123,11
1124,12
1125,13
1126,14
1127,15
1128,16
1129,17
1130,18
1131,19
1132,20
1133,21
1134,22
1135,23
1136,24
1137,25
1138,26
1139,27
1140,28
1141,29
1142,30
1143,31
1144,32
1145,33
1146,34
1147,35
1148,36
1149,37
1150,38
1151,39
1152,40
1153,41
1154,42
1155,43
1156,44
1157,45
1158,46
1159,47
1160,48
1161,80
1162,81
1163,82
1164,83
1165,84
1166,85
1167,86
1168,87
1169,88
1170,89
1171,90
1172,91
1173,92
1174,93
1175,94
1176,95
1177,96
1178,97
1179,98
1180,99
1181,100
1182,101
1183,102
1184,103
1185,104
1186,105
1187,106
1188,107
1189,108
1190,109
1191,110
1192,111
1193,112
1194,113
1195,114
1196,115
1197,116
1198,117
1199,118
1200,119
1201,120
1202,121
1203,122
1204,123
1205,124
1206,125
1207,126
1208,127
1209,128
1210,129
1211,130
1212,131
1213,132
1214,133
1215,134
1216,135
1217,136
1218,137
1219,138
1220,139
1221,140
1222,141
1223,142
1224,143
1225,144
1226,145
1227,146
1228,147
1229,148
1230,149
1231,150
1232,151
1233,152
1234,153
1235,154
1236,155
1237,156
1238,157
1239,158
1240,159
1241,160
1242,161
1243,162
1244,163
1245,164
1246,165
1247,166
1248,167
1249,168
1250,169
1251,170
1252,171
1253,172
1254,173
1255,174
1256,175
1257,176
1258,177
1259,178
1260,179
1261,180
1262,181
1263,182
1264,183
1265,184
1266,185
1267,186
1268,187
1269,188
1270,189
1271,190
1272,191
1273,192
1274,193
1275,194
1276,195
1277,196
1278,197
1279,198
1280,199
1281,200
1282,201
1283,202
1284,203
1285,204
1286,205
1287,206
1288,207
1289,208
1290,209
1291,210
1292,211
1293,212
1294,213
1295,214
1296,215
1297,216
1298,217
1299,218
1300,219
1301,220
1302,221
1303,222
1304,223
1305,224
1306,225
1307,226
1308,227
1309,228
1310,229
1311,230
1312,231
1313,232
1314,233
1315,234
1316,235
1317,236
1318,237
1319,238
1320,239
1321,240
1322,241
1323,242
1324,243
1325,244
1326,245
1327,246
1328,247
1329,248
1330,249
1331,250
1332,251
1333,252
1334,253
1335,254
1336,255
1337,256
1338,257
1339,258
1340,259
1341,260
1342,261
1343,262
1344,263
1345,264
1346,265
1347,266
1348,267
1349,268
1350,269
1351,270
1352,271
1353,272
1354,273
1355,274
1356,275
1357,276
1358,277
1359,278
1360,279
1361,280
1362,281
1363,282
1364,283
1365,284
1366,285
1367,286
1368,287
1369,288
1370,289
1371,290
1372,291
1373,292
1374,293
1375,294
1376,295
1377,296
1378,297
1379,298
1380,299
1381,300
1382,301
1383,302
1384,303
1385,304
1386,305
1387,306
1388,307
1389,308
1390,300
1391,10
1392,11
1393,12
1394,13
1395,14
1396,15
1397,16
1398,17
1399,18
1400,19
1401,20
1402,21
1403,22
1404,23
1405,24
1406,25
1407,26
1408,27
1409,28
1410,29
1411,30
1412,31
1413,32
1414,33
1415,34
1416,35
1417,36
1418,37
1419,38
1420,39
1421,40
1422,41
1423,42
1424,43
1425,44
1426,45
1427,46
1428,47
1429,48
1430,10
1431,11
1432,12
1433,13
1434,14
1435,15
1436,16
1437,17
1438,18
1439,19
1440,20
1441,21
1442,22
1443,23
1444,24
1445,25
1446,26
1447,27
1448,28
1449,29
1450,30
1451,31
1452,32
1453,33
1454,34
1455,35
1456,36
1457,37
1458,38
1459,39
1460,40
1461,41
1462,42
1463,43
1464,44
1465,45
1466,46
1467,47
1468,48
1469,10
1470,11
1471,12
1472,13
1473,14
1474,15
1475,16
1476,17
1477,18
1478,19
1479,20
1480,21
1481,22
1482,23
1483,24
1484,25
1485,26
1486,27
1487,28
1488,29
1489,30
1490,31
1491,32
1492,33
1493,34
1494,35
1495,36
1496,37
1497,38
1498,39
1499,40
1500,41
1501,42
1502,43
1503,44
1504,45
1505,46
1506,47
1507,48
1508,10
1509,11
1510,12
1511,13
1512,14
1513,15
1514,16
1515,17
1516,18
1517,19
1518,20
1519,21
1520,22
1521,23
1522,24
1523,25
1524,26
1525,27
1526,28
1527,29
1528,30
1529,31
1530,32
1531,33
1532,34
1533,35
1534,36
1535,37
1536,38
1537,39
1538,40
1539,41
1540,42
1541,43
1542,44
1543,45
1544,46
1545,47
1546,48
1547,10
1548,11
1549,12
1550,13
1551,14
1552,15
1553,16
1554,17
1555,18
1556,19
1557,20
1558,21
1559,22
1560,23
1561,24
1562,25
1563,26
1564,27
1565,28
1566,29
1567,30
1568,31
1569,32
1570,33
1571,34
1572,35
1573,36
1574,37
1575,38
1576,39
1577,40
1578,41
1579,42
1580,43
1581,44
1582,45
1583,46
1584,47
1585,48
1586,10
1587,11
1588,12
1589,13
1590,14
1591,15
1592,16
1593,17
1594,18
1595,19
1596,20
1597,21
1598,22
1599,23
1600,24
1601,25
1602,26
1603,27
1604,28
1605,29
1606,30
1607,31
1608,32
1609,33
1610,34
1611,35
1612,36
1613,37
1614,38
1615,39
1616,40
1617,41
1618,42
1619,43
1620,44
1621,45
1622,46
1623,47
1624,48
1625,80
1626,81
1627,82
1628,83
1629,84
1630,85
1631,86
1632,87
1633,88
1634,89
1635,90
1636,91
1637,92
1638,93
1639,94
1640,95
1641,96
1642,97
1643,98
1644,99
1645,100
1646,101
1647,102
1648,103
1649,104
1650,105
1651,106
1652,107
1653,108
1654,109
1655,110
1656,111
1657,112
1658,113
1659,114
1660,115
1661,116
1662,117
1663,118
1664,119
1665,120
1666,121
1667,122
1668,123
1669,124
1670,125
1671,126
1672,127
1673,128
1674,129
1675,130
1676,131
1677,132
1678,133
1679,134
1680,135
1681,136
1682,137
1683,138
1684,139
1685,140
1686,141
1687,142
1688,143
1689,144
1690,145
1691,146
1692,147
1693,148
1694,149
1695,150
1696,151
1697,152
1698,153
1699,154
1700,155
1701,156
1702,157
1703,158
1704,159
1705,160
1706,161
1707,162
1708,163
1709,164
1710,165
1711,166
1712,167
1713,168
1714,169
1715,170
1716,171
1717,172
1718,173
1719,174
1720,175
1721,176
1722,177
1723,178
1724,179
1725,180
1726,181
1727,182
1728,183
1729,184
1730,185
1731,186
1732,187
1733,188
1734,189
1735,190
1736,191
1737,192
1738,193
1739,194
1740,195
1741,196
1742,197
1743,198
1744,199
1745,200
1746,201
1747,202
1748,203
1749,204
1750,205
1751,206
1752,207
1753,208
1754,209
1755,210
1756,211
1757,212
1758,213
1759,214
1760,215
1761,216
1762,217
1763,218
1764,219
1765,220
1766,221
1767,222
1768,223
1769,224
1770,225
1771,226
1772,227
1773,228
1774,229
1775,230
1776,231
1777,232
1778,233
1779,234
1780,235
1781,236
1782,237
1783,238
1784,239
1785,240
1786,241
1787,242
1788,243
1789,244
1790,245
1791,246
1792,247
1793,248
1794,249
1795,250
1796,251
1797,252
1798,253
1799,254
1800,255
1801,256
1802,257
1803,258
1804,259
1805,260
1806,261
1807,262
1808,263
1809,264
1810,265
1811,266
1812,267
1813,268
1814,269
1815,270
1816,271
1817,272
1818,273
1819,274
1820,275
1821,276
1822,277
1823,278
1824,279
1825,280
1826,281
1827,282
1828,283
1829,284
1830,285
1831,286
1832,287
1833,288
1834,289
1835,290
1836,291
1837,292
1838,293
1839,294
1840,295
1841,296
1842,297
1843,298
1844,299
1845,300
1846,301
1847,302
1848,303
1849,304
1850,305
1851,306
1852,307
1853,308
1854,10
1855,11
1856,12
1857,13
1858,14
1859,15
1860,16
1861,17
1862,18
1863,19
1864,20
1865,21
1866,22
1867,23
1868,24
1869,25
1870,26
1871,27
1872,28
1873,29
1874,30
1875,31
1876,32
1877,33
1878,34
1879,35
1880,36
1881,37
1882,38
1883,39
1884,40
1885,41
1886,42
1887,43
1888,44
1889,45
1890,46
1891,47
1892,48
1893,10
1894,11
1895,12
1896,13
1897,14
1898,15
1899,16
1900,17
1901,18
1902,19
1903,20
1904,21
1905,22
1906,23
1907,24
1908,25
1909,26
1910,27
1911,28
1912,29
1913,30
1914,31
1915,32
1916,33
1917,34
1918,35
1919,36
1920,37
1921,38
1922,39
1923,40
1924,41
1925,42
1926,43
1927,44
1928,45
1929,46
1930,47
1931,48
1932,10
1933,11
1934,12
1935,13
1936,14
1937,15
1938,16
1939,17
1940,18
1941,19
1942,20
1943,21
1944,22
1945,23
1946,24
1947,25
1948,26
1949,27
1950,28
1951,29
1952,30
1953,31
1954,32
1955,33
1956,34
1957,35
1958,36
1959,37
1960,38
1961,39
1962,40
1963,41
1964,42
1965,43
1966,44
1967,45
1968,46
1969,47
1970,48
1971,10
1972,11
1973,12
1974,13
1975,14
1976,15
1977,16
1978,17
1979,18
1980,19
1981,20
1982,21
1983,22
1984,23
1985,24
1986,25
1987,26
1988,27
1989,28
1990,29
1991,30
1992,31
1993,32
1994,33
1995,34
1996,35
1997,36
1998,37
1999,38
2000,39
2001,40
2002,41
2003,42
2004,43
2005,44
2006,45
2007,46
2008,47
2009,48
2010,10
2011,11
2012,12
2013,13
2014,14
2015,15
2016,16
2017,17
2018,18
2019,19
2020,20
2021,21
2022,22
2023,23
2024,24
2025,25
2026,26
2027,27
2028,28
2029,29
2030,30
2031,31
2032,32
2033,33
2034,34
2035,35
2036,36
2037,37
2038,38
2039,39
2040,40
2041,41
2042,42
2043,43
2044,44
2045,45
2046,46
2047,47
2048,48
2049,10
2050,11
2051,12
2052,13
2053,14
2054,15
2055,16
2056,17
2057,18
2058,19
2059,20
2060,21
2061,22
2062,23
2063,24
2064,25
2065,26
2066,27
2067,28
2068,29
2069,30
2070,31
2071,32
2072,33
2073,34
2074,35
2075,36
2076,37
2077,38
2078,39
2079,40
2080,41
2081,42
2082,43
2083,44
2084,45
2085,46
2086,47
2087,48
2088,80
2089,81
2090,82
2091,83
2092,84
2093,85
2094,86
2095,87
2096,88
2097,89
2098,90
2099,91
2100,92
2101,93
2102,94
2103,95
2104,96
2105,97
2106,98
2107,99
2108,100
2109,101
2110,102
2111,103
2112,104
2113,105
2114,106
2115,107
2116,108
2117,109
2118,110
2119,111
2120,112
2121,113
2122,114
2123,115
2124,116
2125,117
2126,118
2127,119
2128,120
2129,121
2130,122
2131,123
2132,124
2133,125
2134,126
2135,127
2136,128
2137,129
2138,130
2139,131
2140,132
2141,133
2142,134
2143,135
2144,136
2145,137
2146,138
2147,139
2148,140
2149,141
2150,142
2151,143
2152,144
2153,145
2154,146
2155,147
2156,148
2157,149
2158,150
2159,151
2160,152
2161,153
2162,154
2163,155
2164,156
2165,157
2166,158
2167,159
2168,160
2169,161
2170,162
2171,163
2172,164
2173,165
2174,166
2175,167
2176,168
2177,169
2178,170
2179,171
2180,172
2181,173
2182,174
2183,175
2184,176
2185,177
2186,178
2187,179
2188,180
2189,181
2190,182
2191,183
2192,184
2193,185
2194,186
2195,187
2196,188
2197,189
2198,190
2199,191
2200,192
2201,193
2202,194
2203,195
2204,196
2205,197
2206,198
2207,199
2208,200
2209,201
2210,202
2211,203
2212,204
2213,205
2214,206
2215,207
2216,208
2217,209
2218,210
2219,211
2220,212
2221,213
2222,214
2223,215
2224,216
2225,217
2226,218
2227,219
2228,220
2229,221
2230,222
2231,223
2232,224
2233,225
2234,226
2235,227
2236,228
2237,229
2238,230
2239,231
2240,232
2241,233
2242,234
2243,235
2244,236
2245,237
2246,238
2247,239
2248,240
2249,241
2250,242
2251,243
2252,244
2253,245
2254,246
2255,247
2256,248
2257,249
2258,250
2259,251
2260,252
2261,253
2262,254
2263,255
2264,256
2265,257
2266,258
2267,259
2268,260
2269,261
2270,262
2271,263
2272,264
2273,265
2274,266
2275,267
2276,268
2277,269
2278,270
2279,271
2280,272
2281,273
2282,274
2283,275
2284,276
2285,277
2286,278
2287,279
2288,280
2289,281
2290,282
2291,283
2292,284
2293,285
2294,286
2295,287
2296,288
2297,289
2298,290
2299,291
2300,292
2301,293
2302,294
2303,295
2304,296
2305,297
2306,298
2307,299
2308,300
2309,301
2310,302
2311,303
2312,304
2313,305
2314,306
2315,307
2316,308
2317,10
2318,11
2319,12
2320,13
2321,14
2322,15
2323,16
2324,17
2325,18
2326,19
2327,20
2328,21
2329,22
2330,23
2331,24
2332,25
2333,26
2334,27
2335,28
2336,29
2337,30
2338,31
2339,32
2340,33
2341,34
2342,35
2343,36
2344,37
2345,38
2346,39
2347,40
2348,41
2349,42
2350,43
2351,44
2352,45
2353,46
2354,47
2355,48
2356,10
2357,11
2358,12
2359,13
2360,14
2361,15
2362,16
2363,17
2364,18
2365,19
2366,20
2367,21
2368,22
2369,23
2370,24
2371,25
2372,26
2373,27
2374,28
2375,29
2376,30
2377,31
2378,32
2379,33
2380,34
2381,35
2382,36
2383,37
2384,38
2385,39
2386,40
2387,41
2388,42
2389,43
2390,44
2391,45
2392,46
2393,47
2394,48
2395,10
2396,11
2397,12
2398,13
2399,14
2400,15
2401,16
2402,17
2403,18
2404,19
2405,20
2406,21
2407,22
2408,23
2409,24
2410,25
2411,26
2412,27
2413,28
2414,29
2415,30
2416,31
2417,32
2418,33
2419,34
2420,35
2421,36
2422,37
2423,38
2424,39
2425,40
2426,41
2427,42
2428,43
2429,44
2430,45
2431,46
2432,47
2433,48
2434,10
2435,11
2436,12
2437,13
2438,14
2439,15
2440,16
2441,17
2442,18
2443,19
2444,20
2445,21
2446,22
2447,23
2448,24
2449,25
2450,26
2451,27
2452,28
2453,29
2454,30
2455,31
2456,32
2457,33
2458,34
2459,35
2460,36
2461,37
2462,38
2463,39
2464,40
2465,41
2466,42
2467,43
2468,44
2469,45
2470,46
2471,47
2472,48
2473,10
2474,11
2475,12
2476,13
2477,14
2478,15
2479,16
2480,17
2481,18
2482,19
2483,20
2484,21
2485,22
2486,23
2487,24
2488,25
2489,26
2490,27
2491,28
2492,29
2493,30
2494,31
2495,32
2496,33
2497,34
2498,35
2499,36
2500,37
2501,38
2502,39
2503,40
2504,41
2505,42
2506,43
2507,44
2508,45
2509,46
2510,47
2511,48
2512,10
2513,11
2514,12
2515,13
2516,14
2517,15
2518,16
2519,17
2520,18
2521,19
2522,20
2523,21
2524,22
2525,23
2526,24
2527,25
2528,26
2529,27
2530,28
2531,29
2532,30
2533,31
2534,32
2535,33
2536,34
2537,35
2538,36
2539,37
2540,38
2541,39
2542,40
2543,41
2544,42
2545,43
2546,44
2547,45
2548,46
2549,47
2550,48
2551,80
2552,81
2553,82
2554,83
2555,84
2556,85
2557,86
2558,87
2559,88
2560,89
2561,90
2562,91
2563,92
2564,93
2565,94
2566,95
2567,96
2568,97
2569,98
2570,99
2571,100
2572,101
2573,102
2574,103
2575,104
2576,105
2577,106
2578,107
2579,108
2580,109
2581,110
2582,111
2583,112
2584,113
2585,114
2586,115
2587,116
2588,117
2589,118
2590,119
2591,120
2592,121
2593,122
2594,123
2595,124
2596,125
2597,126
2598,127
2599,128
2600,129
2601,130
2602,131
2603,132
2604,133
2605,134
2606,135
2607,136
2608,137
2609,138
2610,139
2611,140
2612,141
2613,142
2614,143
2615,144
2616,145
2617,146
2618,147
2619,148
2620,149
2621,150
2622,151
2623,152
2624,153
2625,154
2626,155
2627,156
2628,157
2629,158
2630,159
2631,160
2632,161
2633,162
2634,163
2635,164
2636,165
2637,166
2638,167
2639,168
2640,169
2641,170
2642,171
2643,172
2644,173
2645,174
2646,175
2647,176
2648,177
2649,178
2650,179
2651,180
2652,181
2653,182
2654,183
2655,184
2656,185
2657,186
2658,187
2659,188
2660,189
2661,190
2662,191
2663,192
2664,193
2665,194
2666,195
2667,196
2668,197
2669,198
2670,199
2671,200
2672,201
2673,202
2674,203
2675,204
2676,205
2677,206
2678,207
2679,208
2680,209
2681,210
2682,211
2683,212
2684,213
2685,214
2686,215
2687,216
2688,217
2689,218
2690,219
2691,220
2692,221
2693,222
2694,223
2695,224
2696,225
2697,226
2698,227
2699,228
2700,229
2701,230
2702,231
2703,232
2704,233
2705,234
2706,235
2707,236
2708,237
2709,238
2710,239
2711,240
2712,241
2713,242
2714,243
2715,244
2716,245
2717,246
2718,247
2719,248
2720,249
2721,250
2722,251
2723,252
2724,253
2725,254
2726,255
2727,256
2728,257
2729,258
2730,259
2731,260
2732,261
2733,262
2734,263
2735,264
2736,265
2737,266
2738,267
2739,268
2740,269
2741,270
2742,271
2743,272
2744,273
2745,274
2746,275
2747,276
2748,277
2749,278
2750,279
2751,280
2752,281
2753,282
2754,283
2755,284
2756,285
2757,286
2758,287
2759,288
2760,289
2761,290
2762,291
2763,292
2764,293
2765,294
2766,295
2767,296
2768,297
2769,298
2770,299
2771,300
2772,301
2773,302
2774,303
2775,304
2776,305
2777,306
2778,307
2779,308
2780,308
2781,10
2782,11
2783,12
2784,13
2785,14
2786,15
2787,16
2788,17
2789,18
2790,19
2791,20
2792,21
2793,22
2794,23
2795,24
2796,25
2797,26
2798,27
2799,28
2800,29
2801,30
2802,31
2803,32
2804,33
2805,34
2806,35
2807,36
2808,37
2809,38
2810,39
2811,40
2812,41
2813,42
2814,43
2815,44
2816,45
2817,46
2818,47
2819,48
2820,10
2821,11
2822,12
2823,13
2824,14
2825,15
2826,16
2827,17
2828,18
2829,19
2830,20
2831,21
2832,22
2833,23
2834,24
2835,25
2836,26
2837,27
2838,28
2839,29
2840,30
2841,31
2842,32
2843,33
2844,34
2845,35
2846,36
2847,37
2848,38
2849,39
2850,40
2851,41
2852,42
2853,43
2854,44
2855,45
2856,46
2857,47
2858,48
2859,10
2860,11
2861,12
2862,13
2863,14
2864,15
2865,16
2866,17
2867,18
2868,19
2869,20
2870,21
2871,22
2872,23
2873,24
2874,25
2875,26
2876,27
2877,28
2878,29
2879,30
2880,31
2881,32
2882,33
2883,34
2884,35
2885,36
2886,37
2887,38
2888,39
2889,40
2890,41
2891,42
2892,43
2893,44
2894,45
2895,46
2896,47
2897,48
2898,10
2899,11
2900,12
2901,13
2902,14
2903,15
2904,16
2905,17
2906,18
2907,19
2908,20
2909,21
2910,22
2911,23
2912,24
2913,25
2914,26
2915,27
2916,28
2917,29
2918,30
2919,31
2920,32
2921,33
2922,34
2923,35
2924,36
2925,37
2926,38
2927,39
2928,40
2929,41
2930,42
2931,43
2932,44
2933,45
2934,46
2935,47
2936,48
2937,10
2938,11
2939,12
2940,13
2941,14
2942,15
2943,16
2944,17
2945,18
2946,19
2947,20
2948,21
2949,22
2950,23
2951,24
2952,25
2953,26
2954,27
2955,28
2956,29
2957,30
2958,31
2959,32
2960,33
2961,34
2962,35
2963,36
2964,37
2965,38
2966,39
2967,40
2968,41
2969,42
2970,43
2971,44
2972,45
2973,46
2974,47
2975,48
2976,10
2977,11
2978,12
2979,13
2980,14
2981,15
2982,16
2983,17
2984,18
2985,19
2986,20
2987,21
2988,22
2989,23
2990,24
2991,25
2992,26
2993,27
2994,28
2995,29
2996,30
2997,31
2998,32
2999,33
3000,34
3001,35
3002,36
3003,37
3004,38
3005,39
3006,40
3007,41
3008,42
3009,43
3010,44
3011,45
3012,46
3013,47
3014,48
3015,80
3016,81
3017,82
3018,83
3019,84
3020,85
3021,86
3022,87
3023,88
3024,89
3025,90
3026,91
3027,92
3028,93
3029,94
3030,95
3031,96
3032,97
3033,98
3034,99
3035,100
3036,101
3037,102
3038,103
3039,104
3040,105
3041,106
3042,107
3043,108
3044,109
3045,110
3046,111
3047,112
3048,113
3049,114
3050,115
3051,116
3052,117
3053,118
3054,119
3055,120
3056,121
3057,122
3058,123
3059,124
3060,125
3061,126
3062,127
3063,128
3064,129
3065,130
3066,131
3067,132
3068,133
3069,134
3070,135
3071,136
3072,137
3073,138
3074,139
3075,140
3076,141
3077,142
3078,143
3079,144
3080,145
3081,146
3082,147
3083,148
3084,149
3085,150
3086,151
3087,152
3088,153
3089,154
3090,155
3091,156
3092,157
3093,158
3094,159
3095,160
3096,161
3097,162
3098,163
3099,164
3100,165
3101,166
3102,167
3103,168
3104,169
3105,170
3106,171
3107,172
3108,173
3109,174
3110,175
3111,176
3112,177
3113,178
3114,179
3115,180
3116,181
3117,182
3118,183
3119,184
3120,185
3121,186
3122,187
3123,188
3124,189
3125,190
3126,191
3127,192
3128,193
3129,194
3130,195
3131,196
3132,197
3133,198
3134,199
3135,200
3136,201
3137,202
3138,203
3139,204
3140,205
3141,206
3142,207
3143,208
3144,209
3145,210
3146,211
3147,212
3148,213
3149,214
3150,215
3151,216
3152,217
3153,218
3154,219
3155,220
3156,221
3157,222
3158,223
3159,224
3160,225
3161,226
3162,227
3163,228
3164,229
3165,230
3166,231
3167,232
3168,233
3169,234
3170,235
3171,236
3172,237
3173,238
3174,239
3175,240
3176,241
3177,242
3178,243
3179,244
3180,245
3181,246
3182,247
3183,248
3184,249
3185,250
3186,251
3187,252
3188,253
3189,254
3190,255
3191,256
3192,257
3193,258
3194,259
3195,260
3196,261
3197,262
3198,263
3199,264
3200,265
3201,266
3202,267
3203,268
3204,269
3205,270
3206,271
3207,272
3208,273
3209,274
3210,275
3211,276
3212,277
3213,278
3214,279
3215,280
3216,281
3217,282
3218,283
3219,284
3220,285
3221,286
3222,287
3223,288
3224,289
3225,290
3226,291
3227,292
3228,293
3229,294
3230,295
3231,296
3232,297
3233,298
3234,299
3235,300
3236,301
3237,302
3238,303
3239,304
3240,305
3241,306
3242,307
3243,308
3244,10
3245,11
3246,12
3247,13
3248,14
3249,15
3250,16
3251,17
3252,18
3253,19
3254,20
3255,21
3256,22
3257,23
3258,24
3259,25
3260,26
3261,27
3262,28
3263,29
3264,30
3265,31
3266,32
3267,33
3268,34
3269,35
3270,36
3271,37
3272,38
3273,39
3274,40
3275,41
3276,42
3277,43
3278,44
3279,45
3280,46
3281,47
3282,48
3283,10
3284,11
3285,12
3286,13
3287,14
3288,15
3289,16
3290,17
3291,18
3292,19
3293,20
3294,21
3295,22
3296,23
3297,24
3298,25
3299,26
3300,27
3301,28
3302,29
3303,30
3304,31
3305,32
3306,33
3307,34
3308,35
3309,36
3310,37
3311,38
3312,39
3313,40
3314,41
3315,42
3316,43
3317,44
3318,45
3319,46
3320,47
3321,48
3322,10
3323,11
3324,12
3325,13
3326,14
3327,15
3328,16
3329,17
3330,18
3331,19
3332,20
3333,21
3334,22
3335,23
3336,24
3337,25
3338,26
3339,27
3340,28
3341,29
3342,30
3343,31
3344,32
3345,33
3346,34
3347,35
3348,36
3349,37
3350,38
3351,39
3352,40
3353,41
3354,42
3355,43
3356,44
3357,45
3358,46
3359,47
3360,48
3361,10
3362,11
3363,12
3364,13
3365,14
3366,15
3367,16
3368,17
3369,18
3370,19
3371,20
3372,21
3373,22
3374,23
3375,24
3376,25
3377,26
3378,27
3379,28
3380,29
3381,30
3382,31
3383,32
3384,33
3385,34
3386,35
3387,36
3388,37
3389,38
3390,39
3391,40
3392,41
3393,42
3394,43
3395,44
3396,45
3397,46
3398,47
3399,48
3400,10
3401,11
3402,12
3403,13
3404,14
3405,15
3406,16
3407,17
3408,18
3409,19
3410,20
3411,21
3412,22
3413,23
3414,24
3415,25
3416,26
3417,27
3418,28
3419,29
3420,30
3421,31
3422,32
3423,33
3424,34
3425,35
3426,36
3427,37
3428,38
3429,39
3430,40
3431,41
3432,42
3433,43
3434,44
3435,45
3436,46
3437,47
3438,48
3439,10
3440,11
3441,12
3442,13
3443,14
3444,15
3445,16
3446,17
3447,18
3448,19
3449,20
3450,21
3451,22
3452,23
3453,24
3454,25
3455,26
3456,27
3457,28
3458,29
3459,30
3460,31
3461,32
3462,33
3463,34
3464,35
3465,36
3466,37
3467,38
3468,39
3469,40
3470,41
3471,42
3472,43
3473,44
3474,45
3475,46
3476,47
3477,48
3478,80
3479,81
3480,82
3481,83
3482,84
3483,85
3484,86
3485,87
3486,88
3487,89
3488,90
3489,91
3490,92
3491,93
3492,94
3493,95
3494,96
3495,97
3496,98
3497,99
3498,100
3499,101
3500,102
3501,103
3502,104
3503,105
3504,106
3505,107
3506,108
3507,109
3508,110
3509,111
3510,112
3511,113
3512,114
3513,115
3514,116
3515,117
3516,118
3517,119
3518,120
3519,121
3520,122
3521,123
3522,124
3523,125
3524,126
3525,127
3526,128
3527,129
3528,130
3529,131
3530,132
3531,133
3532,134
3533,135
3534,136
3535,137
3536,138
3537,139
3538,140
3539,141
3540,142
3541,143
3542,144
3543,145
3544,146
3545,147
3546,148
3547,149
3548,150
3549,151
3550,152
3551,153
3552,154
3553,155
3554,156
3555,157
3556,158
3557,159
3558,160
3559,161
3560,162
3561,163
3562,164
3563,165
3564,166
3565,167
3566,168
3567,169
3568,170
3569,171
3570,172
3571,173
3572,174
3573,175
3574,176
3575,177
3576,178
3577,179
3578,180
3579,181
3580,182
3581,183
3582,184
3583,185
3584,186
3585,187
3586,188
3587,189
3588,190
3589,191
3590,192
3591,193
3592,194
3593,195
3594,196
3595,197
3596,198
3597,199
3598,200
3599,201
3600,202
3601,203
3602,204
3603,205
3604,206
3605,207
3606,208
3607,209
3608,210
3609,211
3610,212
3611,213
3612,214
3613,215
3614,216
3615,217
3616,218
3617,219
3618,220
3619,221
3620,222
3621,223
3622,224
3623,225
3624,226
3625,227
3626,228
3627,229
3628,230
3629,231
3630,232
3631,233
3632,234
3633,235
3634,236
3635,237
3636,238
3637,239
3638,240
3639,241
3640,242
3641,243
3642,244
3643,245
3644,246
3645,247
3646,248
3647,249
3648,250
3649,251
3650,252
3651,253
3652,254
3653,255
3654,256
3655,257
3656,258
3657,259
3658,260
3659,261
3660,262
3661,263
3662,264
3663,265
3664,266
3665,267
3666,268
3667,269
3668,270
3669,271
3670,272
3671,273
3672,274
3673,275
3674,276
3675,277
3676,278
3677,279
3678,280
3679,281
3680,282
3681,283
3682,284
3683,285
3684,286
3685,287
3686,288
3687,289
3688,290
3689,291
3690,292
3691,293
3692,294
3693,295
3694,296
3695,297
3696,298
3697,299
3698,300
3699,301
3700,302
3701,303
3702,304
3703,305
3704,306
3705,307
3706,308
3707,10
3708,11
3709,12
3710,13
3711,14
3712,15
3713,16
3714,17
3715,18
3716,19
3717,20
3718,21
3719,22
3720,23
3721,24
3722,25
3723,26
3724,27
3725,28
3726,29
3727,30
3728,31
3729,32
3730,33
3731,34
3732,35
3733,36
3734,37
3735,38
3736,39
3737,40
3738,41
3739,42
3740,43
3741,44
3742,45
3743,46
3744,47
3745,48
3746,10
3747,11
3748,12
3749,13
3750,14
3751,15
3752,16
3753,17
3754,18
3755,19
3756,20
3757,21
3758,22
3759,23
3760,24
3761,25
3762,26
3763,27
3764,28
3765,29
3766,30
3767,31
3768,32
3769,33
3770,34
3771,35
3772,36
3773,37
3774,38
3775,39
3776,40
3777,41
3778,42
3779,43
3780,44
3781,45
3782,46
3783,47
3784,48
3785,10
3786,11
3787,12
3788,13
3789,14
3790,15
3791,16
3792,17
3793,18
3794,19
3795,20
3796,21
3797,22
3798,23
3799,24
3800,25
3801,26
3802,27
3803,28
3804,29
3805,30
3806,31
3807,32
3808,33
3809,34
3810,35
3811,36
3812,37
3813,38
3814,39
3815,40
3816,41
3817,42
3818,43
3819,44
3820,45
3821,46
3822,47
3823,48
3824,10
3825,11
3826,12
3827,13
3828,14
3829,15
3830,16
3831,17
3832,18
3833,19
3834,20
3835,21
3836,22
3837,23
3838,24
3839,25
3840,26
3841,27
3842,28
3843,29
3844,30
3845,31
3846,32
3847,33
3848,34
3849,35
3850,36
3851,37
3852,38
3853,39
3854,40
3855,41
3856,42
3857,43
3858,44
3859,45
3860,46
3861,47
3862,48
3863,10
3864,11
3865,12
3866,13
3867,14
3868,15
3869,16
3870,17
3871,18
3872,19
3873,20
3874,21
3875,22
3876,23
3877,24
3878,25
3879,26
3880,27
3881,28
3882,29
3883,30
3884,31
3885,32
3886,33
3887,34
3888,35
3889,36
3890,37
3891,38
3892,39
3893,40
3894,41
3895,42
3896,43
3897,44
3898,45
3899,46
3900,47
3901,48
3902,10
3903,11
3904,12
3905,13
3906,14
3907,15
3908,16
3909,17
3910,18
3911,19
3912,20
3913,21
3914,22
3915,23
3916,24
3917,25
3918,26
3919,27
3920,28
3921,29
3922,30
3923,31
3924,32
3925,33
3926,34
3927,35
3928,36
3929,37
3930,38
3931,39
3932,40
3933,41
3934,42
3935,43
3936,44
3937,45
3938,46
3939,47
3940,48
3941,80
3942,81
3943,82
3944,83
3945,84
3946,85
3947,86
3948,87
3949,88
3950,89
3951,90
3952,91
3953,92
3954,93
3955,94
3956,95
3957,96
3958,97
3959,98
3960,99
3961,100
3962,101
3963,102
3964,103
3965,104
3966,105
3967,106
3968,107
3969,108
3970,109
3971,110
3972,111
3973,112
3974,113
3975,114
3976,115
3977,116
3978,117
3979,118
3980,119
3981,120
3982,121
3983,122
3984,123
3985,124
3986,125
3987,126
3988,127
3989,128
3990,129
3991,130
3992,131
3993,132
3994,133
3995,134
3996,135
3997,136
3998,137
3999,138
4000,139
4001,140
4002,141
4003,142
4004,143
4005,144
4006,145
4007,146
4008,147
4009,148
4010,149
4011,150
4012,151
4013,152
4014,153
4015,154
4016,155
4017,156
4018,157
4019,158
4020,159
4021,160
4022,161
4023,162
4024,163
4025,164
4026,165
4027,166
4028,167
4029,168
4030,169
4031,170
4032,171
4033,172
4034,173
4035,174
4036,175
4037,176
4038,177
4039,178
4040,179
4041,180
4042,181
4043,182
4044,183
4045,184
4046,185
4047,186
4048,187
4049,188
4050,189
4051,190
4052,191
4053,192
4054,193
4055,194
4056,195
4057,196
4058,197
4059,198
4060,199
4061,200
4062,201
4063,202
4064,203
4065,204
4066,205
4067,206
4068,207
4069,208
4070,209
4071,210
4072,211
4073,212
4074,213
4075,214
4076,215
4077,216
4078,217
4079,218
4080,219
4081,220
4082,221
4083,222
4084,223
4085,224
4086,225
4087,226
4088,227
4089,228
4090,229
4091,230
4092,231
4093,232
4094,233
4095,234
4096,235
4097,236
4098,237
4099,238
4100,239
4101,240
4102,241
4103,242
4104,243
4105,244
4106,245
4107,246
4108,247
4109,248
4110,249
4111,250
4112,251
4113,252
4114,253
4115,254
4116,255
4117,256
4118,257
4119,258
4120,259
4121,260
4122,261
4123,262
4124,263
4125,264
4126,265
4127,266
4128,267
4129,268
4130,269
4131,270
4132,271
4133,272
4134,273
4135,274
4136,275
4137,276
4138,277
4139,278
4140,279
4141,280
4142,281
4143,282
4144,283
4145,284
4146,285
4147,286
4148,287
4149,288
4150,289
4151,290
4152,291
4153,292
4154,293
4155,294
4156,295
4157,296
4158,297
4159,298
4160,299
4161,300
4162,301
4163,302
4164,303
4165,304
4166,305
4167,306
4168,307
4169,308
4170,10
4171,11
4172,12
4173,13
4174,14
4175,15
4176,16
4177,17
4178,18
4179,19
4180,20
4181,21
4182,22
4183,23
4184,24
4185,25
4186,26
4187,27
4188,28
4189,29
4190,30
4191,31
4192,32
4193,33
4194,34
4195,35
4196,36
4197,37
4198,38
4199,39
4200,40
4201,41
4202,42
4203,43
4204,44
4205,45
4206,46
4207,47
4208,48
4209,10
4210,11
4211,12
4212,13
4213,14
4214,15
4215,16
4216,17
4217,18
4218,19
4219,20
4220,21
4221,22
4222,23
4223,24
4224,25
4225,26
4226,27
4227,28
4228,29
4229,30
4230,31
4231,32
4232,33
4233,34
4234,35
4235,36
4236,37
4237,38
4238,39
4239,40
4240,41
4241,42
4242,43
4243,44
4244,45
4245,46
4246,47
4247,48
4248,10
4249,11
4250,12
4251,13
4252,14
4253,15
4254,16
4255,17
4256,18
4257,19
4258,20
4259,21
4260,22
4261,23
4262,24
4263,25
4264,26
4265,27
4266,28
4267,29
4268,30
4269,31
4270,32
4271,33
4272,34
4273,35
4274,36
4275,37
4276,38
4277,39
4278,40
4279,41
4280,42
4281,43
4282,44
4283,45
4284,46
4285,47
4286,48
4287,10
4288,11
4289,12
4290,13
4291,14
4292,15
4293,16
4294,17
4295,18
4296,19
4297,20
4298,21
4299,22
4300,23
4301,24
4302,25
4303,26
4304,27
4305,28
4306,29
4307,30
4308,31
4309,32
4310,33
4311,34
4312,35
4313,36
4314,37
4315,38
4316,39
4317,40
4318,41
4319,42
4320,43
4321,44
4322,45
4323,46
4324,47
4325,48
4326,10
4327,11
4328,12
4329,13
4330,14
4331,15
4332,16
4333,17
4334,18
4335,19
4336,20
4337,21
4338,22
4339,23
4340,24
4341,25
4342,26
4343,27
4344,28
4345,29
4346,30
4347,31
4348,32
4349,33
4350,34
4351,35
4352,36
4353,37
4354,38
4355,39
4356,40
4357,41
4358,42
4359,43
4360,44
4361,45
4362,46
4363,47
4364,48
4365,10
4366,11
4367,12
4368,13
4369,14
4370,15
4371,16
4372,17
4373,18
4374,19
4375,20
4376,21
4377,22
4378,23
4379,24
4380,25
4381,26
4382,27
4383,28
4384,29
4385,30
4386,31
4387,32
4388,33
4389,34
4390,35
4391,36
4392,37
4393,38
4394,39
4395,40
4396,41
4397,42
4398,43
4399,44
4400,45
4401,46
4402,47
4403,48
4404,80
4405,81
4406,82
4407,83
4408,84
4409,85
4410,86
4411,87
4412,88
4413,89
4414,90
4415,91
4416,92
4417,93
4418,94
4419,95
4420,96
4421,97
4422,98
4423,99
4424,100
4425,101
4426,102
4427,103
4428,104
4429,105
4430,106
4431,107
4432,108
4433,109
4434,110
4435,111
4436,112
4437,113
4438,114
4439,115
4440,116
4441,117
4442,118
4443,119
4444,120
4445,121
4446,122
4447,123
4448,124
4449,125
4450,126
4451,127
4452,128
4453,129
4454,130
4455,131
4456,132
4457,133
4458,134
4459,135
4460,136
4461,137
4462,138
4463,139
4464,140
4465,141
4466,142
4467,143
4468,144
4469,145
4470,146
4471,147
4472,148
4473,149
4474,150
4475,151
4476,152
4477,153
4478,154
4479,155
4480,156
4481,157
4482,158
4483,159
4484,160
4485,161
4486,162
4487,163
4488,164
4489,165
4490,166
4491,167
4492,168
4493,169
4494,170
4495,171
4496,172
4497,173
4498,174
4499,175
4500,176
4501,177
4502,178
4503,179
4504,180
4505,181
4506,182
4507,183
4508,184
4509,185
4510,186
4511,187
4512,188
4513,189
4514,190
4515,191
4516,192
4517,193
4518,194
4519,195
4520,196
4521,197
4522,198
4523,199
4524,200
4525,201
4526,202
4527,203
4528,204
4529,205
4530,206
4531,207
4532,208
4533,209
4534,210
4535,211
4536,212
4537,213
4538,214
4539,215
4540,216
4541,217
4542,218
4543,219
4544,220
4545,221
4546,222
4547,223
4548,224
4549,225
4550,226
4551,227
4552,228
4553,229
4554,230
4555,231
4556,232
4557,233
4558,234
4559,235
4560,236
4561,237
4562,238
4563,239
4564,240
4565,241
4566,242
4567,243
4568,244
4569,245
4570,246
4571,247
4572,248
4573,249
4574,250
4575,251
4576,252
4577,253
4578,254
4579,255
4580,256
4581,257
4582,258
4583,259
4584,260
4585,261
4586,262
4587,263
4588,264
4589,265
4590,266
4591,267
4592,268
4593,269
4594,270
4595,271
4596,272
4597,273
4598,274
4599,275
4600,276
4601,277
4602,278
4603,279
4604,280
4605,281
4606,282
4607,283
4608,284
4609,285
4610,286
4611,287
4612,288
4613,289
4614,290
4615,291
4616,292
4617,293
4618,294
4619,295
4620,296
4621,297
4622,298
4623,299
4624,300
4625,301
4626,302
4627,303
4628,304
4629,305
4630,306
4631,307
4632,308
4633,10
4634,11
4635,12
4636,13
4637,14
4638,15
4639,16
4640,17
4641,18
4642,19
4643,20
4644,21
4645,22
4646,23
4647,24
4648,25
4649,26
4650,27
4651,28
4652,29
4653,30
4654,31
4655,32
4656,33
4657,34
4658,35
4659,36
4660,37
4661,38
4662,39
4663,40
4664,41
4665,42
4666,43
4667,44
4668,45
4669,46
4670,47
4671,48
4672,10
4673,11
4674,12
4675,13
4676,14
4677,15
4678,16
4679,17
4680,18
4681,19
4682,20
4683,21
4684,22
4685,23
4686,24
4687,25
4688,26
4689,27
4690,28
4691,29
4692,30
4693,31
4694,32
4695,33
4696,34
4697,35
4698,36
4699,37
4700,38
4701,39
4702,40
4703,41
4704,42
4705,43
4706,44
4707,45
4708,46
4709,47
4710,48
4711,10
4712,11
4713,12
4714,13
4715,14
4716,15
4717,16
4718,17
4719,18
4720,19
4721,20
4722,21
4723,22
4724,23
4725,24
4726,25
4727,26
4728,27
4729,28
4730,29
4731,30
4732,31
4733,32
4734,33
4735,34
4736,35
4737,36
4738,37
4739,38
4740,39
4741,40
4742,41
4743,42
4744,43
4745,44
4746,45
4747,46
4748,47
4749,48
4750,10
4751,11
4752,12
4753,13
4754,14
4755,15
4756,16
4757,17
4758,18
4759,19
4760,20
4761,21
4762,22
4763,23
4764,24
4765,25
4766,26
4767,27
4768,28
4769,29
4770,30
4771,31
4772,32
4773,33
4774,34
4775,35
4776,36
4777,37
4778,38
4779,39
4780,40
4781,41
4782,42
4783,43
4784,44
4785,45
4786,46
4787,47
4788,48
4789,10
4790,11
4791,12
4792,13
4793,14
4794,15
4795,16
4796,17
4797,18
4798,19
4799,20
4800,21
4801,22
4802,23
4803,24
4804,25
4805,26
4806,27
4807,28
4808,29
4809,30
4810,31
4811,32
4812,33
4813,34
4814,35
4815,36
4816,37
4817,38
4818,39
4819,40
4820,41
4821,42
4822,43
4823,44
4824,45
4825,46
4826,47
4827,48
4828,10
4829,11
4830,12
4831,13
4832,14
4833,15
4834,16
4835,17
4836,18
4837,19
4838,20
4839,21
4840,22
4841,23
4842,24
4843,25
4844,26
4845,27
4846,28
4847,29
4848,30
4849,31
4850,32
4851,33
4852,34
4853,35
4854,36
4855,37
4856,38
4857,39
4858,40
4859,41
4860,42
4861,43
4862,44
4863,45
4864,46
4865,47
4866,48
4867,80
4868,81
4869,82
4870,83
4871,84
4872,85
4873,86
4874,87
4875,88
4876,89
4877,90
4878,91
4879,92
4880,93
4881,94
4882,95
4883,96
4884,97
4885,98
4886,99
4887,100
4888,101
4889,102
4890,103
4891,104
4892,105
4893,106
4894,107
4895,108
4896,109
4897,110
4898,111
4899,112
4900,113
4901,114
4902,115
4903,116
4904,117
4905,118
4906,119
4907,120
4908,121
4909,122
4910,123
4911,124
4912,125
4913,126
4914,127
4915,128
4916,129
4917,130
4918,131
4919,132
4920,133
4921,134
4922,135
4923,136
4924,137
4925,138
4926,139
4927,140
4928,141
4929,142
4930,143
4931,144
4932,145
4933,146
4934,147
4935,148
4936,149
4937,150
4938,151
4939,152
4940,153
4941,154
4942,155
4943,156
4944,157
4945,158
4946,159
4947,160
4948,161
4949,162
4950,163
4951,164
4952,165
4953,166
4954,167
4955,168
4956,169
4957,170
4958,171
4959,172
4960,173
4961,174
4962,175
4963,176
4964,177
4965,178
4966,179
4967,180
4968,181
4969,182
4970,183
4971,184
4972,185
4973,186
4974,187
4975,188
4976,189
4977,190
4978,191
4979,192
4980,193
4981,194
4982,195
4983,196
4984,197
4985,198
4986,199
4987,200
4988,201
4989,202
4990,203
4991,204
4992,205
4993,206
4994,207
4995,208
4996,209
4997,210
4998,211
4999,212
5000,213
5001,214
5002,215
5003,216
5004,217
5005,218
5006,219
5007,220
5008,221
5009,222
5010,223
5011,224
5012,225
5013,226
5014,227
5015,228
5016,229
5017,230
5018,231
5019,232
5020,233
5021,234
5022,235
5023,236
5024,237
5025,238
5026,239
5027,240
5028,241
5029,242
5030,243
5031,244
5032,245
5033,246
5034,247
5035,248
5036,249
5037,250
5038,251
5039,252
5040,253
5041,254
5042,255
5043,256
5044,257
5045,258
5046,259
5047,260
5048,261
5049,262
5050,263
5051,264
5052,265
5053,266
5054,267
5055,268
5056,269
5057,270
5058,271
5059,272
5060,273
5061,274
5062,275
5063,276
5064,277
5065,278
5066,279
5067,280
5068,281
5069,282
5070,283
5071,284
5072,285
5073,286
5074,287
5075,288
5076,289
5077,290
5078,291
5079,292
5080,293
5081,294
5082,295
5083,296
5084,297
5085,298
5086,299
5087,300
5088,301
5089,302
5090,303
5091,304
5092,305
5093,306
5094,307
5095,308
5096,10
5097,11
5098,12
5099,13
5100,14
5101,15
5102,16
5103,17
5104,18
5105,19
5106,20
5107,21
5108,22
5109,23
5110,24
5111,25
5112,26
5113,27
5114,28
5115,29
5116,30
5117,31
5118,32
5119,33
5120,34
5121,35
5122,36
5123,37
5124,38
5125,39
5126,40
5127,41
5128,42
5129,43
5130,44
5131,45
5132,46
5133,47
5134,48
5135,10
5136,11
5137,12
5138,13
5139,14
5140,15
5141,16
5142,17
5143,18
5144,19
5145,20
5146,21
5147,22
5148,23
5149,24
5150,25
5151,26
5152,27
5153,28
5154,29
5155,30
5156,31
5157,32
5158,33
5159,34
5160,35
5161,36
5162,37
5163,38
5164,39
5165,40
5166,41
5167,42
5168,43
5169,44
5170,45
5171,46
5172,47
5173,48
5174,10
5175,11
5176,12
5177,13
5178,14
5179,15
5180,16
5181,17
5182,18
5183,19
5184,20
5185,21
5186,22
5187,23
5188,24
5189,25
5190,26
5191,27
5192,28
5193,29
5194,30
5195,31
5196,32
5197,33
5198,34
5199,35
5200,36
5201,37
5202,38
5203,39
5204,40
5205,41
5206,42
5207,43
5208,44
5209,45
5210,46
5211,47
5212,48
5213,10
5214,11
5215,12
5216,13
5217,14
5218,15
5219,16
5220,17
5221,18
5222,19
5223,20
5224,21
5225,22
5226,23
5227,24
5228,25
5229,26
5230,27
5231,28
5232,29
5233,30
5234,31
5235,32
5236,33
5237,34
5238,35
5239,36
5240,37
5241,38
5242,39
5243,40
5244,41
5245,42
5246,43
5247,44
5248,45
5249,46
5250,47
5251,48
5252,10
5253,11
5254,12
5255,13
5256,14
5257,15
5258,16
5259,17
5260,18
5261,19
5262,20
5263,21
5264,22
5265,23
5266,24
5267,25
5268,26
5269,27
5270,28
5271,29
5272,30
5273,31
5274,32
5275,33
5276,34
5277,35
5278,36
5279,37
5280,38
5281,39
5282,40
5283,41
5284,42
5285,43
5286,44
5287,45
5288,46
5289,47
5290,48
5291,10
5292,11
5293,12
5294,13
5295,14
5296,15
5297,16
5298,17
5299,18
5300,19
5301,20
5302,21
5303,22
5304,23
5305,24
5306,25
5307,26
5308,27
5309,28
5310,29
5311,30
5312,31
5313,32
5314,33
5315,34
5316,35
5317,36
5318,37
5319,38
5320,39
5321,40
5322,41
5323,42
5324,43
5325,44
5326,45
5327,46
5328,47
5329,48
5330,80
5331,81
5332,82
5333,83
5334,84
5335,85
5336,86
5337,87
5338,88
5339,89
5340,90
5341,91
5342,92
5343,93
5344,94
5345,95
5346,96
5347,97
5348,98
5349,99
5350,100
5351,101
5352,102
5353,103
5354,104
5355,105
5356,106
5357,107
5358,108
5359,109
5360,110
5361,111
5362,112
5363,113
5364,114
5365,115
5366,116
5367,117
5368,118
5369,119
5370,120
5371,121
5372,122
5373,123
5374,124
5375,125
5376,126
5377,127
5378,128
5379,129
5380,130
5381,131
5382,132
5383,133
5384,134
5385,135
5386,136
5387,137
5388,138
5389,139
5390,140
5391,141
5392,142
5393,143
5394,144
5395,145
5396,146
5397,147
5398,148
5399,149
5400,150
5401,151
5402,152
5403,153
5404,154
5405,155
5406,156
5407,157
5408,158
5409,159
5410,160
5411,161
5412,162
5413,163
5414,164
5415,165
5416,166
5417,167
5418,168
5419,169
5420,170
5421,171
5422,172
5423,173
5424,174
5425,175
5426,176
5427,177
5428,178
5429,179
5430,180
5431,181
5432,182
5433,183
5434,184
5435,185
5436,186
5437,187
5438,188
5439,189
5440,190
5441,191
5442,192
5443,193
5444,194
5445,195
5446,196
5447,197
5448,198
5449,199
5450,200
5451,201
5452,202
5453,203
5454,204
5455,205
5456,206
5457,207
5458,208
5459,209
5460,210
5461,211
5462,212
5463,213
5464,214
5465,215
5466,216
5467,217
5468,218
5469,219
5470,220
5471,221
5472,222
5473,223
5474,224
5475,225
5476,226
5477,227
5478,228
5479,229
5480,230
5481,231
5482,232
5483,233
5484,234
5485,235
5486,236
5487,237
5488,238
5489,239
5490,240
5491,241
5492,242
5493,243
5494,244
5495,245
5496,246
5497,247
5498,248
5499,249
5500,250
5501,251
5502,252
5503,253
5504,254
5505,255
5506,256
5507,257
5508,258
5509,259
5510,260
5511,261
5512,262
5513,263
5514,264
5515,265
5516,266
5517,267
5518,268
5519,269
5520,270
5521,271
5522,272
5523,273
5524,274
5525,275
5526,276
5527,277
5528,278
5529,279
5530,280
5531,281
5532,282
5533,283
5534,284
5535,285
5536,286
5537,287
5538,288
5539,289
5540,290
5541,291
5542,292
5543,293
5544,294
5545,295
5546,296
5547,297
5548,298
5549,299
5550,300
5551,301
5552,302
5553,303
5554,304
5555,305
5556,306
5557,307
5558,308
5559,300
5560,10
5561,11
5562,12
5563,13
5564,14
5565,15
5566,16
5567,17
5568,18
5569,19
5570,20
5571,21
5572,22
5573,23
5574,24
5575,25
5576,26
5577,27
5578,28
5579,29
5580,30
5581,31
5582,32
5583,33
5584,34
5585,35
5586,36
5587,37
5588,38
5589,39
5590,40
5591,41
5592,42
5593,43
5594,44
5595,45
5596,46
5597,47
5598,48
5599,10
5600,11
5601,12
5602,13
5603,14
5604,15
5605,16
5606,17
5607,18
5608,19
5609,20
5610,21
5611,22
5612,23
5613,24
5614,25
5615,26
5616,27
5617,28
5618,29
5619,30
5620,31
5621,32
5622,33
5623,34
5624,35
5625,36
5626,37
5627,38
5628,39
5629,40
5630,41
5631,42
5632,43
5633,44
5634,45
5635,46
5636,47
5637,48
5638,10
5639,11
5640,12
5641,13
5642,14
5643,15
5644,16
5645,17
5646,18
5647,19
5648,20
5649,21
5650,22
5651,23
5652,24
5653,25
5654,26
5655,27
5656,28
5657,29
5658,30
5659,31
5660,32
5661,33
5662,34
5663,35
5664,36
5665,37
5666,38
5667,39
5668,40
5669,41
5670,42
5671,43
5672,44
5673,45
5674,46
5675,47
5676,48
5677,10
5678,11
5679,12
5680,13
5681,14
5682,15
5683,16
5684,17
5685,18
5686,19
5687,20
5688,21
5689,22
5690,23
5691,24
5692,25
5693,26
5694,27
5695,28
5696,29
5697,30
5698,31
5699,32
5700,33
5701,34
5702,35
5703,36
5704,37
5705,38
5706,39
5707,40
5708,41
5709,42
5710,43
5711,44
5712,45
5713,46
5714,47
5715,48
5716,10
5717,11
5718,12
5719,13
5720,14
5721,15
5722,16
5723,17
5724,18
5725,19
5726,20
5727,21
5728,22
5729,23
5730,24
5731,25
5732,26
5733,27
5734,28
5735,29
5736,30
5737,31
5738,32
5739,33
5740,34
5741,35
5742,36
5743,37
5744,38
5745,39
5746,40
5747,41
5748,42
5749,43
5750,44
5751,45
5752,46
5753,47
5754,48
5755,10
5756,11
5757,12
5758,13
5759,14
5760,15
5761,16
5762,17
5763,18
5764,19
5765,20
5766,21
5767,22
5768,23
5769,24
5770,25
5771,26
5772,27
5773,28
5774,29
5775,30
5776,31
5777,32
5778,33
5779,34
5780,35
