ID,DESC
1,art1
2,art2
3,art3
4,art4
5,art5
6,art6
7,art7
8,art8
9,art9
10,art10
11,art11
12,art12
13,art13
14,art14
15,art15
16,art16
17,art17
18,art18
19,art19
20,art20
21,art21
22,art22
23,art23
24,art24
25,art25
26,art26
27,art27
28,art28
29,art29
30,art30
31,art31
32,art32
33,art33
34,art34
35,art35
36,art36
37,art37
38,art38
39,art39
40,art40
41,art41
42,art42
43,art43
44,art44
45,art45
46,art46
47,art47
48,art48
49,art49
50,art50
51,art51
52,art52
53,art53
54,art54
55,art55
56,art56
57,art57
58,art58
59,art59
60,art60
61,art61
62,art62
63,art63
64,art64
65,art65
66,art66
67,art67
68,art68
69,art69
70,art70
71,art71
72,art72
73,art73
74,art74
75,art75
76,art76
77,art77
78,art78
79,art79
80,art80
81,art81
82,art82
83,art83
84,art84
85,art85
86,art86
87,art87
88,art88
89,art89
90,art90
91,art91
92,art92
93,art93
94,art94
95,art95
96,art96
97,art97
98,art98
99,art99
100,art100
101,art101
102,art102
103,art103
104,art104
105,art105
106,art106
107,art107
108,art108
109,art109
110,art110
111,art111
112,art112
113,art113
114,art114
115,art115
116,art116
117,art117
118,art118
119,art119
120,art120
121,art121
122,art122
123,art123
124,art124
125,art125
126,art126
127,art127
128,art128
129,art129
130,art130
131,art131
132,art132
133,art133
134,art134
135,art135
136,art136
137,art137
138,art138
139,art139
140,art140
141,art141
142,art142
143,art143
144,art144
145,art145
146,art146
147,art147
148,art148
149,art149
150,art150
151,art151
152,art152
153,art153
154,art154
155,art155
156,art156
157,art157
158,art158
159,art159
160,art160
161,art161
162,art162
163,art163
164,art164
165,art165
166,art166
167,art167
168,art168
169,art169
170,art170
171,art171
172,art172
173,art173
174,art174
175,art175
176,art176
177,art177
178,art178
179,art179
180,art180
181,art181
182,art182
183,art183
184,art184
185,art185
186,art186
187,art187
188,art188
189,art189
190,art190
191,art191
192,art192
193,art193
194,art194
195,art195
196,art196
197,art197
198,art198
199,art199
200,art200
201,art201
202,art202
203,art203
204,art204
205,art205
206,art206
207,art207
208,art208
209,art209
210,art210
211,art211
212,art212
213,art213
214,art214
215,art215
216,art216
217,art217
218,art218
